{
    "PSNR": 23.83808235121698,
    "SSIM": 0.7576335139263949,
    "loss": 315.8226013183594
}