{
    "PSNR": 18.289723547614372,
    "SSIM": 0.45463321101692417,
    "loss": 964.0687866210938
}